,shot_type,situation,result,xG,minute,team_score,opponent_score,name,understat_id,location,team,opponent,assist,date,match_id,season,position
375704,RightFoot,OpenPlay,MissedShots,0.5287315845489502,73,2,2,Boulaye Dia,7224,a,Reims,Monaco,,2020-08-23 11:00:00,13982,2020,"(0.919000015258789, 0.5070000076293946)"
375682,LeftFoot,OpenPlay,Goal,0.05611177161335945,20,2,2,El Bilal Touré,8294,a,Reims,Monaco,,2020-08-23 11:00:00,13982,2020,"(0.7969999694824219, 0.42400001525878905)"
375696,RightFoot,OpenPlay,SavedShot,0.3061744272708893,51,2,2,El Bilal Touré,8294,a,Reims,Monaco,Xavier Chavalerin,2020-08-23 11:00:00,13982,2020,"(0.884000015258789, 0.5840000152587891)"
375700,RightFoot,OpenPlay,MissedShots,0.2705356776714325,59,2,2,Valon Berisha,7178,a,Reims,Monaco,Boulaye Dia,2020-08-23 11:00:00,13982,2020,"(0.889000015258789, 0.6680000305175782)"
375695,Head,FromCorner,MissedShots,0.09132440388202667,47,2,2,Wout Faes,8646,a,Reims,Monaco,Mathieu Cafaro,2020-08-23 11:00:00,13982,2020,"(0.9219999694824219, 0.4520000076293945)"
375678,RightFoot,OpenPlay,Goal,0.3103436529636383,4,2,2,Boulaye Dia,7224,a,Reims,Monaco,El Bilal Touré,2020-08-23 11:00:00,13982,2020,"(0.8719999694824219, 0.45599998474121095)"
375680,RightFoot,OpenPlay,MissedShots,0.08172199875116348,10,2,2,Boulaye Dia,7224,a,Reims,Monaco,Dereck Kutesa,2020-08-23 11:00:00,13982,2020,"(0.8630000305175781, 0.38599998474121094)"
375685,RightFoot,OpenPlay,BlockedShot,0.0971507802605629,29,2,2,Boulaye Dia,7224,a,Reims,Monaco,El Bilal Touré,2020-08-23 11:00:00,13982,2020,"(0.85, 0.6880000305175781)"
375702,RightFoot,OpenPlay,BlockedShot,0.09047409147024155,68,2,2,Arbër Zeneli,7397,a,Reims,Monaco,Boulaye Dia,2020-08-23 11:00:00,13982,2020,"(0.8059999847412109, 0.645)"
376178,RightFoot,OpenPlay,MissedShots,0.02003183402121067,76,0,1,Anastasios Donis,3962,h,Reims,Lille,Valon Berisha,2020-08-30 11:00:00,13993,2020,"(0.7469999694824219, 0.3609999847412109)"
376179,Head,OpenPlay,MissedShots,0.15966816246509552,86,0,1,Fraser Hornby,8648,h,Reims,Lille,Ghislain Konan,2020-08-30 11:00:00,13993,2020,"(0.8819999694824219, 0.47)"
376173,RightFoot,OpenPlay,MissedShots,0.018073678016662598,50,0,1,Mathieu Cafaro,3786,h,Reims,Lille,Moreto Cassamã,2020-08-30 11:00:00,13993,2020,"(0.8009999847412109, 0.6840000152587891)"
376172,RightFoot,SetPiece,MissedShots,0.00885379035025835,48,0,1,Moreto Cassamã,7570,h,Reims,Lille,,2020-08-30 11:00:00,13993,2020,"(0.7119999694824218, 0.5129999923706055)"
376828,RightFoot,DirectFreekick,MissedShots,0.04753059521317482,66,0,1,Valon Berisha,7178,a,Reims,Angers,,2020-09-13 13:00:00,14197,2020,"(0.865, 0.845999984741211)"
376832,Head,OpenPlay,SavedShot,0.03966739401221275,83,0,1,Fraser Hornby,8648,a,Reims,Angers,Thomas Foket,2020-09-13 13:00:00,14197,2020,"(0.91, 0.46099998474121096)"
376829,RightFoot,OpenPlay,MissedShots,0.03664882108569145,68,0,1,Xavier Chavalerin,6883,a,Reims,Angers,El Bilal Touré,2020-09-13 13:00:00,14197,2020,"(0.8669999694824219, 0.6969999694824218)"
376810,LeftFoot,OpenPlay,SavedShot,0.02181907929480076,11,0,1,Mathieu Cafaro,3786,a,Reims,Angers,Boulaye Dia,2020-09-13 13:00:00,14197,2020,"(0.8059999847412109, 0.3039999961853027)"
376827,RightFoot,OpenPlay,MissedShots,0.0661337673664093,61,0,1,Boulaye Dia,7224,a,Reims,Angers,El Bilal Touré,2020-09-13 13:00:00,14197,2020,"(0.924000015258789, 0.34)"
376824,RightFoot,OpenPlay,MissedShots,0.0916668251156807,53,0,1,Dereck Kutesa,8004,a,Reims,Angers,Xavier Chavalerin,2020-09-13 13:00:00,14197,2020,"(0.97, 0.625)"
376811,RightFoot,OpenPlay,MissedShots,0.0213006641715765,20,0,1,Mathieu Cafaro,3786,a,Reims,Angers,Moreto Cassamã,2020-09-13 13:00:00,14197,2020,"(0.7330000305175781, 0.4279999923706055)"
378007,RightFoot,OpenPlay,SavedShot,0.0654553472995758,13,1,2,Arbër Zeneli,7397,a,Reims,Metz,Valon Berisha,2020-09-20 13:00:00,14209,2020,"(0.8169999694824219, 0.5279999923706055)"
378004,RightFoot,OpenPlay,SavedShot,0.06590554863214493,9,1,2,Arbër Zeneli,7397,a,Reims,Metz,Xavier Chavalerin,2020-09-20 13:00:00,14209,2020,"(0.8159999847412109, 0.519000015258789)"
378005,RightFoot,OpenPlay,MissedShots,0.057592615485191345,11,1,2,Boulaye Dia,7224,a,Reims,Metz,Arbër Zeneli,2020-09-20 13:00:00,14209,2020,"(0.8009999847412109, 0.6079999923706054)"
378011,RightFoot,Penalty,Goal,0.7600951194763184,42,1,2,Boulaye Dia,7224,a,Reims,Metz,,2020-09-20 13:00:00,14209,2020,"(0.885, 0.5)"
378016,RightFoot,OpenPlay,BlockedShot,0.07160394638776779,62,1,2,Boulaye Dia,7224,a,Reims,Metz,Valon Berisha,2020-09-20 13:00:00,14209,2020,"(0.8909999847412109, 0.3770000076293945)"
378018,RightFoot,OpenPlay,MissedShots,0.01414576917886734,68,1,2,Ghislain Konan,6882,a,Reims,Metz,,2020-09-20 13:00:00,14209,2020,"(0.745999984741211, 0.6990000152587891)"
378010,RightFoot,OpenPlay,BlockedShot,0.020261768251657486,35,1,2,Mathieu Cafaro,3786,a,Reims,Metz,Moreto Cassamã,2020-09-20 13:00:00,14209,2020,"(0.8219999694824218, 0.22799999237060548)"
378001,LeftFoot,OpenPlay,SavedShot,0.053640514612197876,2,1,2,Arbër Zeneli,7397,a,Reims,Metz,,2020-09-20 13:00:00,14209,2020,"(0.8180000305175781, 0.515)"
378003,RightFoot,OpenPlay,MissedShots,0.04626251012086868,9,1,2,Valon Berisha,7178,a,Reims,Metz,Boulaye Dia,2020-09-20 13:00:00,14209,2020,"(0.8540000152587891, 0.66)"
378022,RightFoot,OpenPlay,BlockedShot,0.02747958153486252,85,1,2,Dereck Kutesa,8004,a,Reims,Metz,Ghislain Konan,2020-09-20 13:00:00,14209,2020,"(0.8519999694824218, 0.75)"
379868,LeftFoot,OpenPlay,SavedShot,0.012211909517645836,61,0,2,Nathanael Mbuku,7719,h,Reims,Paris Saint Germain,Valon Berisha,2020-09-27 19:00:00,14223,2020,"(0.7330000305175781, 0.15199999809265136)"
379872,RightFoot,OpenPlay,MissedShots,0.015504972077906132,69,0,2,Arbër Zeneli,7397,h,Reims,Paris Saint Germain,Xavier Chavalerin,2020-09-27 19:00:00,14223,2020,"(0.7519999694824219, 0.7090000152587891)"
379853,LeftFoot,FromCorner,SavedShot,0.016185251995921135,7,0,2,Xavier Chavalerin,6883,h,Reims,Paris Saint Germain,,2020-09-27 19:00:00,14223,2020,"(0.7630000305175781, 0.6509999847412109)"
379864,LeftFoot,OpenPlay,SavedShot,0.0426541231572628,41,0,2,Nathanael Mbuku,7719,h,Reims,Paris Saint Germain,Xavier Chavalerin,2020-09-27 19:00:00,14223,2020,"(0.8669999694824219, 0.6969999694824218)"
379875,RightFoot,OpenPlay,MissedShots,0.009344018064439297,83,0,2,Valon Berisha,7178,h,Reims,Paris Saint Germain,Xavier Chavalerin,2020-09-27 19:00:00,14223,2020,"(0.7330000305175781, 0.2520000076293945)"
379866,RightFoot,OpenPlay,BlockedShot,0.024634839966893196,60,0,2,Boulaye Dia,7224,h,Reims,Paris Saint Germain,Valon Berisha,2020-09-27 19:00:00,14223,2020,"(0.83, 0.7330000305175781)"
379878,RightFoot,OpenPlay,MissedShots,0.057020556181669235,90,0,2,Dereck Kutesa,8004,h,Reims,Paris Saint Germain,Boulaye Dia,2020-09-27 19:00:00,14223,2020,"(0.9169999694824219, 0.31)"
379871,RightFoot,OpenPlay,MissedShots,0.031258489936590195,66,0,2,Boulaye Dia,7224,h,Reims,Paris Saint Germain,Arbër Zeneli,2020-09-27 19:00:00,14223,2020,"(0.8180000305175781, 0.67)"
381341,RightFoot,OpenPlay,SavedShot,0.09277518838644028,50,2,2,El Bilal Touré,8294,a,Reims,Rennes,Xavier Chavalerin,2020-10-04 15:00:00,15814,2020,"(0.8140000152587891, 0.3920000076293945)"
381338,LeftFoot,SetPiece,MissedShots,0.039115455001592636,38,2,2,Wout Faes,8646,a,Reims,Rennes,Arbër Zeneli,2020-10-04 15:00:00,15814,2020,"(0.8619999694824219, 0.524000015258789)"
381343,LeftFoot,OpenPlay,BlockedShot,0.02156246453523636,55,2,2,Xavier Chavalerin,6883,a,Reims,Rennes,El Bilal Touré,2020-10-04 15:00:00,15814,2020,"(0.81, 0.705999984741211)"
381330,Head,OpenPlay,MissedShots,0.1334673911333084,8,2,2,El Bilal Touré,8294,a,Reims,Rennes,Ghislain Konan,2020-10-04 15:00:00,15814,2020,"(0.9309999847412109, 0.44799999237060545)"
381332,Head,FromCorner,Goal,0.4645083546638489,10,2,2,Yunis Abdelhamid,5624,a,Reims,Rennes,Arbër Zeneli,2020-10-04 15:00:00,15814,2020,"(0.955, 0.5420000076293945)"
381340,RightFoot,OpenPlay,MissedShots,0.03148621320724487,48,2,2,Boulaye Dia,7224,a,Reims,Rennes,Ghislain Konan,2020-10-04 15:00:00,15814,2020,"(0.8159999847412109, 0.6780000305175782)"
381331,LeftFoot,OpenPlay,SavedShot,0.07697295397520065,10,2,2,Nathanael Mbuku,7719,a,Reims,Rennes,Arbër Zeneli,2020-10-04 15:00:00,15814,2020,"(0.9669999694824218, 0.6509999847412109)"
381347,LeftFoot,OpenPlay,Goal,0.15111371874809265,65,2,2,Boulaye Dia,7224,a,Reims,Rennes,Dereck Kutesa,2020-10-04 15:00:00,15814,2020,"(0.8869999694824219, 0.565)"
381344,Head,OpenPlay,MissedShots,0.039601363241672516,55,2,2,Marshall Munetsi,7908,a,Reims,Rennes,,2020-10-04 15:00:00,15814,2020,"(0.9019999694824219, 0.46700000762939453)"
381934,RightFoot,OpenPlay,Goal,0.02195940911769867,14,1,3,Moreto Cassamã,7570,h,Reims,Lorient,Dereck Kutesa,2020-10-17 15:00:00,15823,2020,"(0.7559999847412109, 0.4759999847412109)"
381935,RightFoot,OpenPlay,SavedShot,0.02778734266757965,25,1,3,Mathieu Cafaro,3786,h,Reims,Lorient,Kaj Sierhuis,2020-10-17 15:00:00,15823,2020,"(0.745, 0.49900001525878906)"
381942,Head,OpenPlay,BlockedShot,0.0665610209107399,47,1,3,Hugo Ekitike,8995,h,Reims,Lorient,Kaj Sierhuis,2020-10-17 15:00:00,15823,2020,"(0.92, 0.4520000076293945)"
381939,LeftFoot,FromCorner,SavedShot,0.03962491452693939,45,1,3,Nathanael Mbuku,7719,h,Reims,Lorient,Thomas Foket,2020-10-17 15:00:00,15823,2020,"(0.9, 0.24600000381469728)"
381948,LeftFoot,OpenPlay,MissedShots,0.05161168798804283,76,1,3,Hugo Ekitike,8995,h,Reims,Lorient,Thibault De Smet,2020-10-17 15:00:00,15823,2020,"(0.8119999694824219, 0.45599998474121095)"
381949,RightFoot,OpenPlay,BlockedShot,0.06578655540943146,77,1,3,Kaj Sierhuis,8312,h,Reims,Lorient,Hugo Ekitike,2020-10-17 15:00:00,15823,2020,"(0.919000015258789, 0.3629999923706055)"
383824,RightFoot,OpenPlay,MissedShots,0.021199999377131462,47,4,0,Mathieu Cafaro,3786,a,Reims,Montpellier,,2020-10-25 14:00:00,15829,2020,"(0.8009999847412109, 0.7140000152587891)"
383825,LeftFoot,OpenPlay,SavedShot,0.12184689939022064,50,4,0,Kaj Sierhuis,8312,a,Reims,Montpellier,Valon Berisha,2020-10-25 14:00:00,15829,2020,"(0.8909999847412109, 0.5479999923706055)"
383831,LeftFoot,OpenPlay,SavedShot,0.1050708219408989,72,4,0,Hugo Ekitike,8995,a,Reims,Montpellier,Nathanael Mbuku,2020-10-25 14:00:00,15829,2020,"(0.8980000305175782, 0.34700000762939454)"
383812,RightFoot,Penalty,Goal,0.7600951194763184,8,4,0,Boulaye Dia,7224,a,Reims,Montpellier,,2020-10-25 14:00:00,15829,2020,"(0.885, 0.5)"
383832,LeftFoot,OpenPlay,MissedShots,0.07628680765628815,78,4,0,Fodé Doucouré,8684,a,Reims,Montpellier,Moussa Doumbia,2020-10-25 14:00:00,15829,2020,"(0.794000015258789, 0.3529999923706055)"
383822,RightFoot,DirectFreekick,BlockedShot,0.04555320739746094,43,4,0,Mathieu Cafaro,3786,a,Reims,Montpellier,,2020-10-25 14:00:00,15829,2020,"(0.715, 0.4640000152587891)"
383835,LeftFoot,OpenPlay,BlockedShot,0.027276676148176193,88,4,0,Moise Sakava,8243,a,Reims,Montpellier,Hugo Ekitike,2020-10-25 14:00:00,15829,2020,"(0.7609999847412109, 0.41900001525878905)"
383827,RightFoot,OpenPlay,SavedShot,0.040653180330991745,53,4,0,Mathieu Cafaro,3786,a,Reims,Montpellier,Kaj Sierhuis,2020-10-25 14:00:00,15829,2020,"(0.7619999694824219, 0.6270000076293946)"
383820,LeftFoot,OpenPlay,Goal,0.11985950917005539,30,4,0,Nathanael Mbuku,7719,a,Reims,Montpellier,Kaj Sierhuis,2020-10-25 14:00:00,15829,2020,"(0.904000015258789, 0.4370000076293945)"
383836,RightFoot,OpenPlay,BlockedShot,0.12972375750541687,88,4,0,Kaj Sierhuis,8312,a,Reims,Montpellier,Fodé Doucouré,2020-10-25 14:00:00,15829,2020,"(0.9219999694824219, 0.4179999923706055)"
383819,Head,FromCorner,MissedShots,0.03850381076335907,29,4,0,Nathanael Mbuku,7719,a,Reims,Montpellier,,2020-10-25 14:00:00,15829,2020,"(0.990999984741211, 0.5779999923706055)"
383818,RightFoot,FromCorner,MissedShots,0.34289658069610596,28,4,0,Kaj Sierhuis,8312,a,Reims,Montpellier,Mathieu Cafaro,2020-10-25 14:00:00,15829,2020,"(0.92, 0.45)"
383810,Head,FromCorner,MissedShots,0.0755043476819992,3,4,0,Yunis Abdelhamid,5624,a,Reims,Montpellier,Nathanael Mbuku,2020-10-25 14:00:00,15829,2020,"(0.9459999847412109, 0.5309999847412109)"
383817,LeftFoot,OpenPlay,BlockedShot,0.14163942635059357,27,4,0,Nathanael Mbuku,7719,a,Reims,Montpellier,Boulaye Dia,2020-10-25 14:00:00,15829,2020,"(0.855, 0.4759999847412109)"
383828,RightFoot,Penalty,Goal,0.7600951194763184,55,4,0,Boulaye Dia,7224,a,Reims,Montpellier,,2020-10-25 14:00:00,15829,2020,"(0.885, 0.5)"
383821,Head,FromCorner,MissedShots,0.08772275596857071,38,4,0,Wout Faes,8646,a,Reims,Montpellier,Mathieu Cafaro,2020-10-25 14:00:00,15829,2020,"(0.9130000305175782, 0.524000015258789)"
383833,RightFoot,FromCorner,MissedShots,0.0397302620112896,79,4,0,Kaj Sierhuis,8312,a,Reims,Montpellier,Valon Berisha,2020-10-25 14:00:00,15829,2020,"(0.955, 0.6469999694824219)"
383809,RightFoot,OpenPlay,MissedShots,0.06243053451180458,0,4,0,Boulaye Dia,7224,a,Reims,Montpellier,Kaj Sierhuis,2020-10-25 14:00:00,15829,2020,"(0.9219999694824219, 0.32)"
383813,LeftFoot,OpenPlay,Goal,0.9672532677650452,12,4,0,Boulaye Dia,7224,a,Reims,Montpellier,Mathieu Cafaro,2020-10-25 14:00:00,15829,2020,"(0.970999984741211, 0.5359999847412109)"
383830,RightFoot,OpenPlay,BlockedShot,0.09201696515083313,65,4,0,Valon Berisha,7178,a,Reims,Montpellier,Nathanael Mbuku,2020-10-25 14:00:00,15829,2020,"(0.884000015258789, 0.335)"
383811,Head,FromCorner,SavedShot,0.06808304041624069,3,4,0,Valon Berisha,7178,a,Reims,Montpellier,Mathieu Cafaro,2020-10-25 14:00:00,15829,2020,"(0.924000015258789, 0.41)"
383837,RightFoot,OpenPlay,SavedShot,0.12847048044204712,90,4,0,Kaj Sierhuis,8312,a,Reims,Montpellier,Fodé Doucouré,2020-10-25 14:00:00,15829,2020,"(0.8669999694824219, 0.504000015258789)"
383816,RightFoot,OpenPlay,BlockedShot,0.04981975629925728,21,4,0,Boulaye Dia,7224,a,Reims,Montpellier,Valon Berisha,2020-10-25 14:00:00,15829,2020,"(0.7809999847412109, 0.4520000076293945)"
383823,RightFoot,FromCorner,MissedShots,0.03147503733634949,44,4,0,Valon Berisha,7178,a,Reims,Montpellier,Thibault De Smet,2020-10-25 14:00:00,15829,2020,"(0.855, 0.6990000152587891)"
385121,Head,FromCorner,Goal,0.4342253506183624,25,2,1,Wout Faes,8646,h,Reims,Strasbourg,Valon Berisha,2020-11-01 14:00:00,15841,2020,"(0.94, 0.49900001525878906)"
385124,RightFoot,OpenPlay,MissedShots,0.11488371342420578,38,2,1,Boulaye Dia,7224,h,Reims,Strasbourg,Fodé Doucouré,2020-11-01 14:00:00,15841,2020,"(0.8580000305175781, 0.49700000762939456)"
385115,LeftFoot,OpenPlay,SavedShot,0.06560328602790833,14,2,1,Nathanael Mbuku,7719,h,Reims,Strasbourg,,2020-11-01 14:00:00,15841,2020,"(0.8419999694824218, 0.519000015258789)"
385120,RightFoot,OpenPlay,MissedShots,0.013286826200783253,24,2,1,Kaj Sierhuis,8312,h,Reims,Strasbourg,Valon Berisha,2020-11-01 14:00:00,15841,2020,"(0.6459999847412109, 0.57)"
385126,RightFoot,OpenPlay,BlockedShot,0.023863380774855614,53,2,1,Mathieu Cafaro,3786,h,Reims,Strasbourg,Marshall Munetsi,2020-11-01 14:00:00,15841,2020,"(0.7340000152587891, 0.605999984741211)"
385132,RightFoot,OpenPlay,SavedShot,0.07930920273065567,76,2,1,Boulaye Dia,7224,h,Reims,Strasbourg,Nathanael Mbuku,2020-11-01 14:00:00,15841,2020,"(0.9469999694824218, 0.35900001525878905)"
385113,RightFoot,OpenPlay,BlockedShot,0.010274549946188927,8,2,1,Mathieu Cafaro,3786,h,Reims,Strasbourg,Nathanael Mbuku,2020-11-01 14:00:00,15841,2020,"(0.6969999694824218, 0.7330000305175781)"
385131,RightFoot,OpenPlay,MissedShots,0.08320699632167816,67,2,1,Moussa Doumbia,2782,h,Reims,Strasbourg,El Bilal Touré,2020-11-01 14:00:00,15841,2020,"(0.8059999847412109, 0.495)"
385117,RightFoot,OpenPlay,MissedShots,0.013148651458323002,18,2,1,Thomas Foket,7151,h,Reims,Strasbourg,Marshall Munetsi,2020-11-01 14:00:00,15841,2020,"(0.7340000152587891, 0.759000015258789)"
385116,LeftFoot,OpenPlay,SavedShot,0.018887728452682495,17,2,1,Fodé Doucouré,8684,h,Reims,Strasbourg,Marshall Munetsi,2020-11-01 14:00:00,15841,2020,"(0.7630000305175781, 0.28899999618530275)"
385118,RightFoot,DirectFreekick,ShotOnPost,0.03495292365550995,21,2,1,Mathieu Cafaro,3786,h,Reims,Strasbourg,,2020-11-01 14:00:00,15841,2020,"(0.7519999694824219, 0.7780000305175782)"
385123,RightFoot,OpenPlay,MissedShots,0.019657988101243973,32,2,1,Marshall Munetsi,7908,h,Reims,Strasbourg,,2020-11-01 14:00:00,15841,2020,"(0.7219999694824218, 0.514000015258789)"
386524,LeftFoot,OpenPlay,OwnGoal,0.0,76,4,4,Thomas Foket,7151,a,Reims,Lens,,2020-11-08 14:00:00,15853,2020,"(0.08600000381469726, 0.53)"
386519,LeftFoot,OpenPlay,Goal,0.08309826254844666,53,4,4,Boulaye Dia,7224,a,Reims,Lens,Valon Berisha,2020-11-08 14:00:00,15853,2020,"(0.945, 0.610999984741211)"
386510,RightFoot,OpenPlay,SavedShot,0.009307963773608208,25,4,4,Mathieu Cafaro,3786,a,Reims,Lens,,2020-11-08 14:00:00,15853,2020,"(0.7, 0.7140000152587891)"
386515,Head,OpenPlay,SavedShot,0.01884528249502182,45,4,4,Boulaye Dia,7224,a,Reims,Lens,Nathanael Mbuku,2020-11-08 14:00:00,15853,2020,"(0.8569999694824219, 0.56)"
386526,LeftFoot,OpenPlay,Goal,0.815512478351593,80,4,4,Boulaye Dia,7224,a,Reims,Lens,,2020-11-08 14:00:00,15853,2020,"(0.93, 0.5320000076293945)"
386506,LeftFoot,OpenPlay,SavedShot,0.05886412039399147,4,4,4,Mathieu Cafaro,3786,a,Reims,Lens,,2020-11-08 14:00:00,15853,2020,"(0.960999984741211, 0.6719999694824219)"
386513,RightFoot,OpenPlay,MissedShots,0.017621131613850594,43,4,4,Kaj Sierhuis,8312,a,Reims,Lens,Predrag Rajkovic,2020-11-08 14:00:00,15853,2020,"(0.8419999694824218, 0.23799999237060546)"
386517,RightFoot,OpenPlay,Goal,0.015410675667226315,46,4,4,Mathieu Cafaro,3786,a,Reims,Lens,,2020-11-08 14:00:00,15853,2020,"(0.9069999694824219, 0.27899999618530275)"
386511,RightFoot,OpenPlay,MissedShots,0.011326747946441174,33,4,4,Mathieu Cafaro,3786,a,Reims,Lens,Thomas Foket,2020-11-08 14:00:00,15853,2020,"(0.6830000305175781, 0.7130000305175781)"
387933,RightFoot,FromCorner,MissedShots,0.050614405423402786,16,0,1,Valon Berisha,7178,h,Reims,Nimes,,2020-11-22 14:00:00,15864,2020,"(0.8319999694824218, 0.4859999847412109)"
387948,RightFoot,FromCorner,MissedShots,0.017525063827633858,90,0,1,Valon Berisha,7178,h,Reims,Nimes,Ghislain Konan,2020-11-22 14:00:00,15864,2020,"(0.8180000305175781, 0.36400001525878906)"
387946,Head,OpenPlay,BlockedShot,0.044065214693546295,81,0,1,Boulaye Dia,7224,h,Reims,Nimes,Arbër Zeneli,2020-11-22 14:00:00,15864,2020,"(0.91, 0.5229999923706055)"
387944,RightFoot,OpenPlay,BlockedShot,0.03369402140378952,72,0,1,Marshall Munetsi,7908,h,Reims,Nimes,Valon Berisha,2020-11-22 14:00:00,15864,2020,"(0.7759999847412109, 0.47)"
387942,RightFoot,OpenPlay,BlockedShot,0.04954361170530319,68,0,1,Moussa Doumbia,2782,h,Reims,Nimes,Valon Berisha,2020-11-22 14:00:00,15864,2020,"(0.8430000305175781, 0.62)"
387941,RightFoot,OpenPlay,SavedShot,0.566577672958374,63,0,1,El Bilal Touré,8294,h,Reims,Nimes,Moussa Doumbia,2020-11-22 14:00:00,15864,2020,"(0.955999984741211, 0.5259999847412109)"
387934,LeftFoot,OpenPlay,SavedShot,0.023401975631713867,23,0,1,Nathanael Mbuku,7719,h,Reims,Nimes,Dario Maresic,2020-11-22 14:00:00,15864,2020,"(0.7659999847412109, 0.3370000076293945)"
387947,LeftFoot,OpenPlay,BlockedShot,0.01752137765288353,84,0,1,Yunis Abdelhamid,5624,h,Reims,Nimes,,2020-11-22 14:00:00,15864,2020,"(0.745, 0.585999984741211)"
387936,RightFoot,DirectFreekick,MissedShots,0.043125126510858536,44,0,1,Mathieu Cafaro,3786,h,Reims,Nimes,,2020-11-22 14:00:00,15864,2020,"(0.7830000305175782, 0.7769999694824219)"
387938,RightFoot,OpenPlay,SavedShot,0.030584387481212616,52,0,1,Mathieu Cafaro,3786,h,Reims,Nimes,Nathanael Mbuku,2020-11-22 14:00:00,15864,2020,"(0.7730000305175782, 0.47400001525878904)"
387950,Head,OpenPlay,SavedShot,0.028570355847477913,93,0,1,Yunis Abdelhamid,5624,h,Reims,Nimes,Valon Berisha,2020-11-22 14:00:00,15864,2020,"(0.9019999694824219, 0.5670000076293945)"
387931,RightFoot,OpenPlay,SavedShot,0.021417010575532913,2,0,1,Mathieu Cafaro,3786,h,Reims,Nimes,Valon Berisha,2020-11-22 14:00:00,15864,2020,"(0.775, 0.7169999694824218)"
387935,RightFoot,OpenPlay,SavedShot,0.028070682659745216,31,0,1,Boulaye Dia,7224,h,Reims,Nimes,Mathieu Cafaro,2020-11-22 14:00:00,15864,2020,"(0.8119999694824219, 0.66)"
387951,RightFoot,FromCorner,ShotOnPost,0.05425800010561943,93,0,1,Arbër Zeneli,7397,h,Reims,Nimes,Yunis Abdelhamid,2020-11-22 14:00:00,15864,2020,"(0.86, 0.39599998474121095)"
387949,Head,OpenPlay,ShotOnPost,0.02595318853855133,92,0,1,El Bilal Touré,8294,h,Reims,Nimes,Arbër Zeneli,2020-11-22 14:00:00,15864,2020,"(0.885, 0.46599998474121096)"
387945,RightFoot,OpenPlay,MissedShots,0.019116248935461044,73,0,1,Mathieu Cafaro,3786,h,Reims,Nimes,Valon Berisha,2020-11-22 14:00:00,15864,2020,"(0.755, 0.34700000762939454)"
389179,RightFoot,DirectFreekick,BlockedShot,0.054236482828855515,25,0,3,Mathieu Cafaro,3786,a,Reims,Lyon,,2020-11-29 12:00:00,15872,2020,"(0.735, 0.5720000076293945)"
389177,RightFoot,OpenPlay,MissedShots,0.09874948859214783,10,0,3,Mathieu Cafaro,3786,a,Reims,Lyon,Moreto Cassamã,2020-11-29 12:00:00,15872,2020,"(0.88, 0.30100000381469727)"
389186,RightFoot,OpenPlay,SavedShot,0.07633884996175766,45,0,3,Boulaye Dia,7224,a,Reims,Lyon,,2020-11-29 12:00:00,15872,2020,"(0.9569999694824218, 0.34200000762939453)"
389175,Head,SetPiece,MissedShots,0.01266162283718586,7,0,3,El Bilal Touré,8294,a,Reims,Lyon,Mathieu Cafaro,2020-11-29 12:00:00,15872,2020,"(0.87, 0.495)"
389174,LeftFoot,OpenPlay,MissedShots,0.0244776401668787,3,0,3,Moussa Doumbia,2782,a,Reims,Lyon,El Bilal Touré,2020-11-29 12:00:00,15872,2020,"(0.7619999694824219, 0.61)"
389187,LeftFoot,OpenPlay,BlockedShot,0.028749600052833557,45,0,3,Ghislain Konan,6882,a,Reims,Lyon,,2020-11-29 12:00:00,15872,2020,"(0.7609999847412109, 0.6329999923706054)"
389195,RightFoot,OpenPlay,MissedShots,0.009181114844977856,87,0,3,Kaj Sierhuis,8312,a,Reims,Lyon,,2020-11-29 12:00:00,15872,2020,"(0.7559999847412109, 0.28899999618530275)"
389184,RightFoot,OpenPlay,MissedShots,0.015234720893204212,40,0,3,Mathieu Cafaro,3786,a,Reims,Lyon,Marshall Munetsi,2020-11-29 12:00:00,15872,2020,"(0.7130000305175781, 0.4279999923706055)"
389193,RightFoot,OpenPlay,SavedShot,0.014984148554503918,76,0,3,Arbër Zeneli,7397,a,Reims,Lyon,Mouhamadou Drammeh,2020-11-29 12:00:00,15872,2020,"(0.7090000152587891, 0.6)"
390881,RightFoot,OpenPlay,MissedShots,0.00934288464486599,89,0,0,Marshall Munetsi,7908,h,Reims,Nice,,2020-12-06 16:00:00,15884,2020,"(0.6719999694824219, 0.5179999923706055)"
390871,RightFoot,OpenPlay,SavedShot,0.06159701943397522,50,0,0,Arbër Zeneli,7397,h,Reims,Nice,Moussa Doumbia,2020-12-06 16:00:00,15884,2020,"(0.87, 0.655)"
390863,RightFoot,OpenPlay,MissedShots,0.0391043983399868,29,0,0,Valon Berisha,7178,h,Reims,Nice,Thomas Foket,2020-12-06 16:00:00,15884,2020,"(0.835, 0.3220000076293945)"
390869,RightFoot,OpenPlay,BlockedShot,0.07224651426076889,48,0,0,Mathieu Cafaro,3786,h,Reims,Nice,,2020-12-06 16:00:00,15884,2020,"(0.8680000305175781, 0.42400001525878905)"
390872,RightFoot,FromCorner,BlockedShot,0.04422423243522644,51,0,0,Valon Berisha,7178,h,Reims,Nice,Moussa Doumbia,2020-12-06 16:00:00,15884,2020,"(0.875, 0.6990000152587891)"
390866,RightFoot,OpenPlay,MissedShots,0.017275582998991013,39,0,0,Moussa Doumbia,2782,h,Reims,Nice,Arbër Zeneli,2020-12-06 16:00:00,15884,2020,"(0.7390000152587891, 0.3129999923706055)"
390880,RightFoot,DirectFreekick,MissedShots,0.05758383497595787,86,0,0,Valon Berisha,7178,h,Reims,Nice,,2020-12-06 16:00:00,15884,2020,"(0.7619999694824219, 0.6619999694824219)"
390877,RightFoot,FromCorner,BlockedShot,0.1062123104929924,64,0,0,Wout Faes,8646,h,Reims,Nice,,2020-12-06 16:00:00,15884,2020,"(0.89, 0.46700000762939453)"
390865,RightFoot,OpenPlay,SavedShot,0.014844554476439953,34,0,0,Mathieu Cafaro,3786,h,Reims,Nice,Boulaye Dia,2020-12-06 16:00:00,15884,2020,"(0.7559999847412109, 0.28600000381469726)"
390876,RightFoot,FromCorner,BlockedShot,0.05123436823487282,64,0,0,Moussa Doumbia,2782,h,Reims,Nice,Valon Berisha,2020-12-06 16:00:00,15884,2020,"(0.8959999847412109, 0.35700000762939454)"
390859,RightFoot,OpenPlay,MissedShots,0.04322904720902443,9,0,0,Boulaye Dia,7224,h,Reims,Nice,Mathieu Cafaro,2020-12-06 16:00:00,15884,2020,"(0.89, 0.28200000762939453)"
392145,Head,OpenPlay,MissedShots,0.04389194771647453,67,1,2,Kaj Sierhuis,8312,a,Reims,Brest,Ghislain Konan,2020-12-13 14:00:00,15886,2020,"(0.8769999694824219, 0.545)"
392140,LeftFoot,OpenPlay,SavedShot,0.019214704632759094,52,1,2,Nathanael Mbuku,7719,a,Reims,Brest,Dereck Kutesa,2020-12-13 14:00:00,15886,2020,"(0.730999984741211, 0.5029999923706054)"
392151,RightFoot,OpenPlay,MissedShots,0.031480465084314346,84,1,2,Boulaye Dia,7224,a,Reims,Brest,Valon Berisha,2020-12-13 14:00:00,15886,2020,"(0.789000015258789, 0.39599998474121095)"
392134,Head,OpenPlay,MissedShots,0.05875510349869728,14,1,2,El Bilal Touré,8294,a,Reims,Brest,Thomas Foket,2020-12-13 14:00:00,15886,2020,"(0.9109999847412109, 0.5259999847412109)"
392142,RightFoot,OpenPlay,BlockedShot,0.16009216010570526,62,1,2,Arbër Zeneli,7397,a,Reims,Brest,,2020-12-13 14:00:00,15886,2020,"(0.9280000305175782, 0.5659999847412109)"
392150,LeftFoot,OpenPlay,MissedShots,0.07872025668621063,82,1,2,Ghislain Konan,6882,a,Reims,Brest,Arbër Zeneli,2020-12-13 14:00:00,15886,2020,"(0.92, 0.634000015258789)"
392147,RightFoot,OpenPlay,SavedShot,0.05961766093969345,72,1,2,Kaj Sierhuis,8312,a,Reims,Brest,,2020-12-13 14:00:00,15886,2020,"(0.975, 0.34400001525878904)"
392144,RightFoot,FromCorner,Goal,0.012911766767501831,64,1,2,Arbër Zeneli,7397,a,Reims,Brest,,2020-12-13 14:00:00,15886,2020,"(0.995, 0.9930000305175781)"
392143,RightFoot,OpenPlay,MissedShots,0.03134449943900108,62,1,2,Valon Berisha,7178,a,Reims,Brest,,2020-12-13 14:00:00,15886,2020,"(0.7730000305175782, 0.49700000762939456)"
392152,RightFoot,OpenPlay,SavedShot,0.06407633423805237,88,1,2,Arbër Zeneli,7397,a,Reims,Brest,Thomas Foket,2020-12-13 14:00:00,15886,2020,"(0.8330000305175781, 0.485)"
392981,LeftFoot,OpenPlay,BlockedShot,0.030386511236429214,59,3,2,Boulaye Dia,7224,h,Reims,Nantes,Moreto Cassamã,2020-12-16 18:00:00,15905,2020,"(0.845999984741211, 0.28600000381469726)"
392974,Head,FromCorner,MissedShots,0.06518106162548065,44,3,2,Kaj Sierhuis,8312,h,Reims,Nantes,Valon Berisha,2020-12-16 18:00:00,15905,2020,"(0.9269999694824219, 0.4179999923706055)"
392971,RightFoot,OpenPlay,MissedShots,0.014300758950412273,30,3,2,Moreto Cassamã,7570,h,Reims,Nantes,Thomas Foket,2020-12-16 18:00:00,15905,2020,"(0.7519999694824219, 0.35200000762939454)"
392987,RightFoot,OpenPlay,Goal,0.09850690513849258,73,3,2,Mathieu Cafaro,3786,h,Reims,Nantes,Arbër Zeneli,2020-12-16 18:00:00,15905,2020,"(0.9069999694824219, 0.35200000762939454)"
392984,Head,OpenPlay,Goal,0.06889175623655319,67,3,2,El Bilal Touré,8294,h,Reims,Nantes,Mathieu Cafaro,2020-12-16 18:00:00,15905,2020,"(0.9119999694824219, 0.5709999847412109)"
392986,RightFoot,Penalty,Goal,0.7600951194763184,71,3,2,Boulaye Dia,7224,h,Reims,Nantes,,2020-12-16 18:00:00,15905,2020,"(0.885, 0.5)"
392988,RightFoot,OpenPlay,SavedShot,0.4162575304508209,77,3,2,Marshall Munetsi,7908,h,Reims,Nantes,Valon Berisha,2020-12-16 18:00:00,15905,2020,"(0.904000015258789, 0.44799999237060545)"
392976,RightFoot,OpenPlay,MissedShots,0.01490077842026949,47,3,2,Arbër Zeneli,7397,h,Reims,Nantes,Boulaye Dia,2020-12-16 18:00:00,15905,2020,"(0.745, 0.745999984741211)"
392982,Head,FromCorner,MissedShots,0.04141504690051079,61,3,2,Yunis Abdelhamid,5624,h,Reims,Nantes,Valon Berisha,2020-12-16 18:00:00,15905,2020,"(0.9269999694824219, 0.44599998474121094)"
392980,RightFoot,OpenPlay,BlockedShot,0.0270107239484787,56,3,2,Arbër Zeneli,7397,h,Reims,Nantes,Ghislain Konan,2020-12-16 18:00:00,15905,2020,"(0.8159999847412109, 0.6990000152587891)"
392973,RightFoot,OpenPlay,MissedShots,0.030195679515600204,40,3,2,Valon Berisha,7178,h,Reims,Nantes,,2020-12-16 18:00:00,15905,2020,"(0.7980000305175782, 0.625)"
392985,RightFoot,OpenPlay,BlockedShot,0.07342784851789474,69,3,2,Mathieu Cafaro,3786,h,Reims,Nantes,Arbër Zeneli,2020-12-16 18:00:00,15905,2020,"(0.919000015258789, 0.325)"
392965,RightFoot,DirectFreekick,MissedShots,0.10067430883646011,5,3,2,Arbër Zeneli,7397,h,Reims,Nantes,,2020-12-16 18:00:00,15905,2020,"(0.785, 0.5579999923706055)"
394187,LeftFoot,OpenPlay,BlockedShot,0.03871941193938255,67,1,1,Mathieu Cafaro,3786,a,Reims,Marseille,Fodé Doucouré,2020-12-19 18:00:00,15909,2020,"(0.855, 0.3270000076293945)"
394188,RightFoot,FromCorner,MissedShots,0.01456452626734972,81,1,1,Moreto Cassamã,7570,a,Reims,Marseille,,2020-12-19 18:00:00,15909,2020,"(0.745999984741211, 0.655)"
394189,RightFoot,OpenPlay,SavedShot,0.30986225605010986,85,1,1,Fodé Doucouré,8684,a,Reims,Marseille,Boulaye Dia,2020-12-19 18:00:00,15909,2020,"(0.879000015258789, 0.35700000762939454)"
395193,Head,FromCorner,Goal,0.4976325035095215,14,3,1,Yunis Abdelhamid,5624,a,Reims,Bordeaux,Arbër Zeneli,2020-12-23 18:00:00,15919,2020,"(0.960999984741211, 0.5320000076293945)"
395196,RightFoot,OpenPlay,BlockedShot,0.14049813151359558,42,3,1,Arbër Zeneli,7397,a,Reims,Bordeaux,Yunis Abdelhamid,2020-12-23 18:00:00,15919,2020,"(0.8590000152587891, 0.6)"
395194,RightFoot,OpenPlay,SavedShot,0.03837743401527405,17,3,1,Arbër Zeneli,7397,a,Reims,Bordeaux,Ghislain Konan,2020-12-23 18:00:00,15919,2020,"(0.8040000152587891, 0.6509999847412109)"
395200,RightFoot,OpenPlay,BlockedShot,0.0417010523378849,56,3,1,Valon Berisha,7178,a,Reims,Bordeaux,Arbër Zeneli,2020-12-23 18:00:00,15919,2020,"(0.775, 0.46)"
395189,RightFoot,FromCorner,MissedShots,0.01481420174241066,1,3,1,Moreto Cassamã,7570,a,Reims,Bordeaux,,2020-12-23 18:00:00,15919,2020,"(0.7319999694824219, 0.580999984741211)"
395195,LeftFoot,OpenPlay,Goal,0.3919546604156494,17,3,1,Boulaye Dia,7224,a,Reims,Bordeaux,,2020-12-23 18:00:00,15919,2020,"(0.8969999694824219, 0.53)"
395192,RightFoot,OpenPlay,BlockedShot,0.01473606564104557,13,3,1,Moreto Cassamã,7570,a,Reims,Bordeaux,,2020-12-23 18:00:00,15919,2020,"(0.7140000152587891, 0.4979999923706055)"
395204,RightFoot,OpenPlay,Goal,0.02576867677271366,87,3,1,Marshall Munetsi,7908,a,Reims,Bordeaux,Boulaye Dia,2020-12-23 18:00:00,15919,2020,"(0.755, 0.5)"
395191,RightFoot,OpenPlay,SavedShot,0.08874749392271042,11,3,1,Boulaye Dia,7224,a,Reims,Bordeaux,Arbër Zeneli,2020-12-23 18:00:00,15919,2020,"(0.850999984741211, 0.57)"
395188,RightFoot,OpenPlay,BlockedShot,0.06412191689014435,0,3,1,Boulaye Dia,7224,a,Reims,Bordeaux,Nathanael Mbuku,2020-12-23 18:00:00,15919,2020,"(0.915, 0.6680000305175782)"
397655,LeftFoot,FromCorner,BlockedShot,0.02324153482913971,9,0,0,Ghislain Konan,6882,h,Reims,Dijon,Moreto Cassamã,2021-01-06 20:00:00,15932,2020,"(0.745, 0.710999984741211)"
397669,RightFoot,OpenPlay,MissedShots,0.017771711573004723,84,0,0,Mathieu Cafaro,3786,h,Reims,Dijon,Thomas Foket,2021-01-06 20:00:00,15932,2020,"(0.77, 0.3120000076293945)"
397665,LeftFoot,FromCorner,MissedShots,0.09452922642230988,72,0,0,Moussa Doumbia,2782,h,Reims,Dijon,,2021-01-06 20:00:00,15932,2020,"(0.9309999847412109, 0.40900001525878904)"
397666,Head,FromCorner,SavedShot,0.5001903176307678,72,0,0,Yunis Abdelhamid,5624,h,Reims,Dijon,Moussa Doumbia,2021-01-06 20:00:00,15932,2020,"(0.9569999694824218, 0.5070000076293946)"
397659,RightFoot,DirectFreekick,BlockedShot,0.03734297677874565,33,0,0,Valon Berisha,7178,h,Reims,Dijon,,2021-01-06 20:00:00,15932,2020,"(0.6969999694824218, 0.5659999847412109)"
397654,RightFoot,OpenPlay,SavedShot,0.0379369743168354,3,0,0,Thomas Foket,7151,h,Reims,Dijon,Valon Berisha,2021-01-06 20:00:00,15932,2020,"(0.855999984741211, 0.29200000762939454)"
397661,RightFoot,OpenPlay,SavedShot,0.02238098345696926,57,0,0,Valon Berisha,7178,h,Reims,Dijon,Moreto Cassamã,2021-01-06 20:00:00,15932,2020,"(0.7469999694824219, 0.3659999847412109)"
397660,LeftFoot,OpenPlay,MissedShots,0.1349041759967804,45,0,0,Nathanael Mbuku,7719,h,Reims,Dijon,Arbër Zeneli,2021-01-06 20:00:00,15932,2020,"(0.9269999694824219, 0.5740000152587891)"
397664,RightFoot,OpenPlay,BlockedShot,0.05731683969497681,72,0,0,Boulaye Dia,7224,h,Reims,Dijon,,2021-01-06 20:00:00,15932,2020,"(0.850999984741211, 0.725999984741211)"
398144,RightFoot,Penalty,Goal,0.7600951194763184,11,3,1,Boulaye Dia,7224,h,Reims,Saint-Etienne,,2021-01-09 20:00:00,15944,2020,"(0.885, 0.5)"
398148,RightFoot,OpenPlay,MissedShots,0.028540529310703278,24,3,1,Mathieu Cafaro,3786,h,Reims,Saint-Etienne,Nathanael Mbuku,2021-01-09 20:00:00,15944,2020,"(0.7630000305175781, 0.46)"
398145,Head,OpenPlay,MissedShots,0.03705427423119545,13,3,1,Xavier Chavalerin,6883,h,Reims,Saint-Etienne,Mathieu Cafaro,2021-01-09 20:00:00,15944,2020,"(0.899000015258789, 0.3890000152587891)"
398143,LeftFoot,OpenPlay,BlockedShot,0.09568339586257935,9,3,1,Wout Faes,8646,h,Reims,Saint-Etienne,Thomas Foket,2021-01-09 20:00:00,15944,2020,"(0.8980000305175782, 0.38299999237060545)"
398153,RightFoot,OpenPlay,MissedShots,0.028680425137281418,54,3,1,Mathieu Cafaro,3786,h,Reims,Saint-Etienne,Thomas Foket,2021-01-09 20:00:00,15944,2020,"(0.77, 0.37900001525878907)"
398151,RightFoot,OpenPlay,Goal,0.5795631408691406,36,3,1,Boulaye Dia,7224,h,Reims,Saint-Etienne,Xavier Chavalerin,2021-01-09 20:00:00,15944,2020,"(0.9459999847412109, 0.52)"
398154,RightFoot,DirectFreekick,Goal,0.1757361888885498,57,3,1,Mathieu Cafaro,3786,h,Reims,Saint-Etienne,,2021-01-09 20:00:00,15944,2020,"(0.82, 0.48400001525878905)"
399438,RightFoot,OpenPlay,SavedShot,0.03224112093448639,10,1,2,Xavier Chavalerin,6883,a,Reims,Lille,Boulaye Dia,2021-01-17 16:00:00,15948,2020,"(0.8009999847412109, 0.634000015258789)"
399447,Head,SetPiece,BlockedShot,0.009935103356838226,52,1,2,Wout Faes,8646,a,Reims,Lille,Mathieu Cafaro,2021-01-17 16:00:00,15948,2020,"(0.8590000152587891, 0.485)"
399448,LeftFoot,OpenPlay,SavedShot,0.042596008628606796,61,1,2,Nathanael Mbuku,7719,a,Reims,Lille,Arbër Zeneli,2021-01-17 16:00:00,15948,2020,"(0.8019999694824219, 0.46599998474121096)"
399452,LeftFoot,OpenPlay,BlockedShot,0.021933110430836678,69,1,2,Xavier Chavalerin,6883,a,Reims,Lille,Boulaye Dia,2021-01-17 16:00:00,15948,2020,"(0.7559999847412109, 0.5990000152587891)"
399441,RightFoot,FromCorner,Goal,0.02356075309216976,35,1,2,Arbër Zeneli,7397,a,Reims,Lille,Ghislain Konan,2021-01-17 16:00:00,15948,2020,"(0.815, 0.8519999694824218)"
399435,RightFoot,OpenPlay,MissedShots,0.0139926141127944,1,1,2,Mathieu Cafaro,3786,a,Reims,Lille,Boulaye Dia,2021-01-17 16:00:00,15948,2020,"(0.775, 0.2560000038146973)"
399451,LeftFoot,OpenPlay,SavedShot,0.050237543880939484,67,1,2,Boulaye Dia,7224,a,Reims,Lille,Mathieu Cafaro,2021-01-17 16:00:00,15948,2020,"(0.845999984741211, 0.34299999237060547)"
399436,LeftFoot,OpenPlay,MissedShots,0.07053809612989426,7,1,2,Nathanael Mbuku,7719,a,Reims,Lille,Arbër Zeneli,2021-01-17 16:00:00,15948,2020,"(0.835999984741211, 0.46599998474121096)"
400870,LeftFoot,OpenPlay,MissedShots,0.0369424968957901,39,1,0,Xavier Chavalerin,6883,h,Reims,Brest,Thomas Foket,2021-01-24 14:00:00,15963,2020,"(0.7980000305175782, 0.6)"
400879,Head,OpenPlay,MissedShots,0.022826051339507103,69,1,0,Xavier Chavalerin,6883,h,Reims,Brest,Dereck Kutesa,2021-01-24 14:00:00,15963,2020,"(0.9159999847412109, 0.6409999847412109)"
400876,RightFoot,OpenPlay,SavedShot,0.06421957910060883,64,1,0,Mathieu Cafaro,3786,h,Reims,Brest,Boulaye Dia,2021-01-24 14:00:00,15963,2020,"(0.924000015258789, 0.29700000762939455)"
400872,LeftFoot,OpenPlay,BlockedShot,0.11344843357801437,45,1,0,Nathanael Mbuku,7719,h,Reims,Brest,Boulaye Dia,2021-01-24 14:00:00,15963,2020,"(0.8690000152587891, 0.5870000076293945)"
400873,RightFoot,OpenPlay,BlockedShot,0.16578808426856995,49,1,0,Boulaye Dia,7224,h,Reims,Brest,Yunis Abdelhamid,2021-01-24 14:00:00,15963,2020,"(0.9030000305175782, 0.68)"
400871,Head,OpenPlay,Goal,0.02994847483932972,39,1,0,Nathanael Mbuku,7719,h,Reims,Brest,Xavier Chavalerin,2021-01-24 14:00:00,15963,2020,"(0.895, 0.47200000762939454)"
400877,RightFoot,OpenPlay,BlockedShot,0.04630144312977791,65,1,0,Moussa Doumbia,2782,h,Reims,Brest,Nathanael Mbuku,2021-01-24 14:00:00,15963,2020,"(0.7819999694824219, 0.47)"
400857,LeftFoot,OpenPlay,BlockedShot,0.09931454062461853,2,1,0,Nathanael Mbuku,7719,h,Reims,Brest,Boulaye Dia,2021-01-24 14:00:00,15963,2020,"(0.8580000305175781, 0.4759999847412109)"
400863,RightFoot,OpenPlay,BlockedShot,0.025082886219024658,13,1,0,Moussa Doumbia,2782,h,Reims,Brest,Boulaye Dia,2021-01-24 14:00:00,15963,2020,"(0.8590000152587891, 0.7380000305175781)"
400867,LeftFoot,OpenPlay,MissedShots,0.05621453747153282,32,1,0,Nathanael Mbuku,7719,h,Reims,Brest,Boulaye Dia,2021-01-24 14:00:00,15963,2020,"(0.84, 0.38299999237060545)"
400866,RightFoot,OpenPlay,MissedShots,0.5181111097335815,23,1,0,Boulaye Dia,7224,h,Reims,Brest,Moussa Doumbia,2021-01-24 14:00:00,15963,2020,"(0.9259999847412109, 0.5459999847412109)"
400859,RightFoot,OpenPlay,MissedShots,0.01097287330776453,5,1,0,Mathieu Cafaro,3786,h,Reims,Brest,Ghislain Konan,2021-01-24 14:00:00,15963,2020,"(0.6980000305175781, 0.73)"
402049,RightFoot,OpenPlay,BlockedShot,0.08738047629594803,87,1,0,Valon Berisha,7178,a,Reims,Strasbourg,Boulaye Dia,2021-01-31 14:00:00,15975,2020,"(0.9119999694824219, 0.600999984741211)"
402041,LeftFoot,OpenPlay,MissedShots,0.06632794439792633,49,1,0,Mathieu Cafaro,3786,a,Reims,Strasbourg,Thomas Foket,2021-01-31 14:00:00,15975,2020,"(0.8209999847412109, 0.529000015258789)"
402036,RightFoot,SetPiece,MissedShots,0.019221428781747818,28,1,0,Xavier Chavalerin,6883,a,Reims,Strasbourg,Boulaye Dia,2021-01-31 14:00:00,15975,2020,"(0.754000015258789, 0.47400001525878904)"
402028,LeftFoot,OpenPlay,SavedShot,0.010884096845984459,5,1,0,Nathanael Mbuku,7719,a,Reims,Strasbourg,Xavier Chavalerin,2021-01-31 14:00:00,15975,2020,"(0.7030000305175781, 0.5120000076293946)"
402035,RightFoot,FromCorner,BlockedShot,0.07824095338582993,27,1,0,Yunis Abdelhamid,5624,a,Reims,Strasbourg,,2021-01-31 14:00:00,15975,2020,"(0.879000015258789, 0.5529999923706055)"
402031,RightFoot,OpenPlay,SavedShot,0.0797802209854126,15,1,0,Boulaye Dia,7224,a,Reims,Strasbourg,Mathieu Cafaro,2021-01-31 14:00:00,15975,2020,"(0.884000015258789, 0.645)"
402029,LeftFoot,OpenPlay,SavedShot,0.031136320903897285,6,1,0,Ghislain Konan,6882,a,Reims,Strasbourg,Moussa Doumbia,2021-01-31 14:00:00,15975,2020,"(0.8809999847412109, 0.7430000305175781)"
402047,RightFoot,OpenPlay,Goal,0.5097963809967041,79,1,0,Dereck Kutesa,8004,a,Reims,Strasbourg,Nathanael Mbuku,2021-01-31 14:00:00,15975,2020,"(0.924000015258789, 0.4540000152587891)"
402033,RightFoot,OpenPlay,SavedShot,0.058011576533317566,20,1,0,Thomas Foket,7151,a,Reims,Strasbourg,Moreto Cassamã,2021-01-31 14:00:00,15975,2020,"(0.9419999694824219, 0.32799999237060545)"
402042,LeftFoot,OpenPlay,MissedShots,0.37619203329086304,52,1,0,Xavier Chavalerin,6883,a,Reims,Strasbourg,Nathanael Mbuku,2021-01-31 14:00:00,15975,2020,"(0.8819999694824219, 0.45799999237060546)"
402560,RightFoot,OpenPlay,MissedShots,0.051289308816194534,30,0,0,Mathieu Cafaro,3786,h,Reims,Angers,Thibault De Smet,2021-02-03 18:00:00,15982,2020,"(0.8069999694824219, 0.47200000762939454)"
402565,LeftFoot,OpenPlay,MissedShots,0.04466153308749199,60,0,0,Nathanael Mbuku,7719,h,Reims,Angers,Thomas Foket,2021-02-03 18:00:00,15982,2020,"(0.860999984741211, 0.3089999961853027)"
402571,RightFoot,OpenPlay,MissedShots,0.012646428309381008,80,0,0,Moussa Doumbia,2782,h,Reims,Angers,,2021-02-03 18:00:00,15982,2020,"(0.735999984741211, 0.735)"
402557,RightFoot,OpenPlay,SavedShot,0.09257544577121735,15,0,0,Mathieu Cafaro,3786,h,Reims,Angers,,2021-02-03 18:00:00,15982,2020,"(0.8909999847412109, 0.524000015258789)"
402558,RightFoot,OpenPlay,MissedShots,0.07523218542337418,17,0,0,Boulaye Dia,7224,h,Reims,Angers,Xavier Chavalerin,2021-02-03 18:00:00,15982,2020,"(0.9159999847412109, 0.3820000076293945)"
402568,RightFoot,OpenPlay,BlockedShot,0.09700394421815872,65,0,0,Boulaye Dia,7224,h,Reims,Angers,Nathanael Mbuku,2021-02-03 18:00:00,15982,2020,"(0.895, 0.38)"
402569,RightFoot,OpenPlay,SavedShot,0.06239982321858406,65,0,0,Xavier Chavalerin,6883,h,Reims,Angers,Nathanael Mbuku,2021-02-03 18:00:00,15982,2020,"(0.845, 0.4470000076293945)"
402567,RightFoot,DirectFreekick,MissedShots,0.03742969408631325,64,0,0,Mathieu Cafaro,3786,h,Reims,Angers,,2021-02-03 18:00:00,15982,2020,"(0.74, 0.2670000076293945)"
402572,Head,SetPiece,MissedShots,0.08228691667318344,92,0,0,Dereck Kutesa,8004,h,Reims,Angers,Moreto Cassamã,2021-02-03 18:00:00,15982,2020,"(0.8909999847412109, 0.49)"
402566,RightFoot,OpenPlay,MissedShots,0.007430622354149818,61,0,0,Moreto Cassamã,7570,h,Reims,Angers,,2021-02-03 18:00:00,15982,2020,"(0.6519999694824219, 0.3129999923706055)"
403302,RightFoot,OpenPlay,MissedShots,0.03206345811486244,36,0,1,Mathieu Cafaro,3786,a,Reims,Lorient,Dereck Kutesa,2021-02-06 16:00:00,15993,2020,"(0.855, 0.725)"
403317,RightFoot,OpenPlay,BlockedShot,0.07850982993841171,92,0,1,Nathanael Mbuku,7719,a,Reims,Lorient,,2021-02-06 16:00:00,15993,2020,"(0.89, 0.46700000762939453)"
403303,RightFoot,OpenPlay,BlockedShot,0.06692922115325928,41,0,1,Boulaye Dia,7224,a,Reims,Lorient,,2021-02-06 16:00:00,15993,2020,"(0.8680000305175781, 0.6120000076293945)"
403306,Head,FromCorner,BlockedShot,0.029151590541005135,47,0,1,Yunis Abdelhamid,5624,a,Reims,Lorient,Mathieu Cafaro,2021-02-06 16:00:00,15993,2020,"(0.91, 0.534000015258789)"
403310,LeftFoot,OpenPlay,SavedShot,0.031233157962560654,53,0,1,Xavier Chavalerin,6883,a,Reims,Lorient,Ghislain Konan,2021-02-06 16:00:00,15993,2020,"(0.855999984741211, 0.7080000305175781)"
403311,RightFoot,OpenPlay,BlockedShot,0.012610877864062786,64,0,1,Mathieu Cafaro,3786,a,Reims,Lorient,Ghislain Konan,2021-02-06 16:00:00,15993,2020,"(0.7019999694824218, 0.43400001525878906)"
403312,LeftFoot,OpenPlay,MissedShots,0.015913624316453934,67,0,1,Xavier Chavalerin,6883,a,Reims,Lorient,El Bilal Touré,2021-02-06 16:00:00,15993,2020,"(0.7219999694824218, 0.590999984741211)"
403305,RightFoot,OpenPlay,BlockedShot,0.019327903166413307,47,0,1,Boulaye Dia,7224,a,Reims,Lorient,Xavier Chavalerin,2021-02-06 16:00:00,15993,2020,"(0.7559999847412109, 0.6519999694824219)"
403299,RightFoot,OpenPlay,BlockedShot,0.09499149769544601,12,0,1,Mathieu Cafaro,3786,a,Reims,Lorient,Thomas Foket,2021-02-06 16:00:00,15993,2020,"(0.8469999694824218, 0.49700000762939456)"
403315,LeftFoot,OpenPlay,MissedShots,0.01300702802836895,84,0,1,Moussa Doumbia,2782,a,Reims,Lorient,,2021-02-06 16:00:00,15993,2020,"(0.7140000152587891, 0.5209999847412109)"
403301,RightFoot,OpenPlay,MissedShots,0.3011579215526581,34,0,1,Mathieu Cafaro,3786,a,Reims,Lorient,Dereck Kutesa,2021-02-06 16:00:00,15993,2020,"(0.8780000305175781, 0.3940000152587891)"
403318,RightFoot,OpenPlay,SavedShot,0.057315003126859665,92,0,1,Moreto Cassamã,7570,a,Reims,Lorient,,2021-02-06 16:00:00,15993,2020,"(0.845999984741211, 0.4329999923706055)"
403304,RightFoot,DirectFreekick,SavedShot,0.03214617073535919,44,0,1,Mathieu Cafaro,3786,a,Reims,Lorient,,2021-02-06 16:00:00,15993,2020,"(0.7080000305175781, 0.705)"
404475,Head,OpenPlay,MissedShots,0.03272182494401932,88,1,1,El Bilal Touré,8294,h,Reims,Lens,Thomas Foket,2021-02-13 18:00:00,16004,2020,"(0.8809999847412109, 0.5129999923706055)"
404454,LeftFoot,OpenPlay,SavedShot,0.05828922614455223,12,1,1,Boulaye Dia,7224,h,Reims,Lens,Xavier Chavalerin,2021-02-13 18:00:00,16004,2020,"(0.9069999694824219, 0.6919999694824219)"
404461,RightFoot,FromCorner,SavedShot,0.014387503266334534,36,1,1,Mathieu Cafaro,3786,h,Reims,Lens,Xavier Chavalerin,2021-02-13 18:00:00,16004,2020,"(0.7480000305175781, 0.7369999694824219)"
404455,Head,OpenPlay,Goal,0.42025521397590637,12,1,1,Arbër Zeneli,7397,h,Reims,Lens,,2021-02-13 18:00:00,16004,2020,"(0.9330000305175781, 0.53)"
404458,RightFoot,OpenPlay,SavedShot,0.02290184237062931,28,1,1,Mathieu Cafaro,3786,h,Reims,Lens,Moreto Cassamã,2021-02-13 18:00:00,16004,2020,"(0.745, 0.32599998474121095)"
404460,LeftFoot,FromCorner,MissedShots,0.031874559819698334,35,1,1,Xavier Chavalerin,6883,h,Reims,Lens,,2021-02-13 18:00:00,16004,2020,"(0.8319999694824218, 0.35700000762939454)"
404476,RightFoot,OpenPlay,SavedShot,0.036420080810785294,93,1,1,Xavier Chavalerin,6883,h,Reims,Lens,Kaj Sierhuis,2021-02-13 18:00:00,16004,2020,"(0.8830000305175781, 0.75)"
404471,LeftFoot,OpenPlay,SavedShot,0.025876514613628387,77,1,1,Boulaye Dia,7224,h,Reims,Lens,Thomas Foket,2021-02-13 18:00:00,16004,2020,"(0.7480000305175781, 0.4879999923706055)"
404459,RightFoot,OpenPlay,BlockedShot,0.06136956810951233,35,1,1,Arbër Zeneli,7397,h,Reims,Lens,Ghislain Konan,2021-02-13 18:00:00,16004,2020,"(0.91, 0.6990000152587891)"
405401,Head,FromCorner,Goal,0.043042223900556564,71,1,1,El Bilal Touré,8294,a,Reims,Saint-Etienne,Moussa Doumbia,2021-02-20 12:00:00,16014,2020,"(0.96, 0.5829999923706055)"
405390,LeftFoot,OpenPlay,SavedShot,0.08505171537399292,28,1,1,Nathanael Mbuku,7719,a,Reims,Saint-Etienne,Ghislain Konan,2021-02-20 12:00:00,16014,2020,"(0.9, 0.435)"
405396,RightFoot,OpenPlay,MissedShots,0.09390214830636978,54,1,1,Nathanael Mbuku,7719,a,Reims,Saint-Etienne,Dereck Kutesa,2021-02-20 12:00:00,16014,2020,"(0.915, 0.43099998474121093)"
405402,RightFoot,OpenPlay,MissedShots,0.1326737403869629,73,1,1,Boulaye Dia,7224,a,Reims,Saint-Etienne,Nathanael Mbuku,2021-02-20 12:00:00,16014,2020,"(0.9230000305175782, 0.3509999847412109)"
407210,LeftFoot,OpenPlay,MissedShots,0.05761364847421646,56,0,0,Nathanael Mbuku,7719,h,Reims,Montpellier,Thomas Foket,2021-02-28 14:00:00,16023,2020,"(0.91, 0.3110000038146973)"
407211,RightFoot,OpenPlay,BlockedShot,0.01095088291913271,60,0,0,Mathieu Cafaro,3786,h,Reims,Montpellier,Nathanael Mbuku,2021-02-28 14:00:00,16023,2020,"(0.7290000152587891, 0.21700000762939453)"
407198,Head,FromCorner,MissedShots,0.07439131289720535,7,0,0,Yunis Abdelhamid,5624,h,Reims,Montpellier,Mathieu Cafaro,2021-02-28 14:00:00,16023,2020,"(0.904000015258789, 0.4929999923706055)"
407202,RightFoot,SetPiece,BlockedShot,0.01267683133482933,30,0,0,Xavier Chavalerin,6883,h,Reims,Montpellier,,2021-02-28 14:00:00,16023,2020,"(0.7580000305175781, 0.644000015258789)"
407204,RightFoot,OpenPlay,SavedShot,0.03536521643400192,41,0,0,Mathieu Cafaro,3786,h,Reims,Montpellier,Xavier Chavalerin,2021-02-28 14:00:00,16023,2020,"(0.8980000305175782, 0.7340000152587891)"
407215,Head,OpenPlay,MissedShots,0.04746445640921593,79,0,0,Arbër Zeneli,7397,h,Reims,Montpellier,Thomas Foket,2021-02-28 14:00:00,16023,2020,"(0.9080000305175782, 0.5429999923706055)"
407203,LeftFoot,OpenPlay,MissedShots,0.024335991591215134,38,0,0,Nathanael Mbuku,7719,h,Reims,Montpellier,Boulaye Dia,2021-02-28 14:00:00,16023,2020,"(0.789000015258789, 0.6379999923706055)"
407214,RightFoot,OpenPlay,SavedShot,0.02786778286099434,75,0,0,Mathieu Cafaro,3786,h,Reims,Montpellier,,2021-02-28 14:00:00,16023,2020,"(0.874000015258789, 0.23600000381469727)"
407212,RightFoot,DirectFreekick,MissedShots,0.04776058718562126,64,0,0,Mathieu Cafaro,3786,h,Reims,Montpellier,,2021-02-28 14:00:00,16023,2020,"(0.8390000152587891, 0.8240000152587891)"
408140,Head,OpenPlay,MissedShots,0.4380137026309967,1,2,1,Boulaye Dia,7224,a,Reims,Nantes,Mathieu Cafaro,2021-03-03 20:00:00,16032,2020,"(0.9309999847412109, 0.49900001525878906)"
408148,Head,FromCorner,MissedShots,0.06268863379955292,59,2,1,El Bilal Touré,8294,a,Reims,Nantes,Moussa Doumbia,2021-03-03 20:00:00,16032,2020,"(0.960999984741211, 0.5970000076293945)"
408147,LeftFoot,OpenPlay,Goal,0.0452934205532074,38,2,1,Ghislain Konan,6882,a,Reims,Nantes,,2021-03-03 20:00:00,16032,2020,"(0.925, 0.705)"
408154,Head,FromCorner,Goal,0.07253684103488922,88,2,1,Yunis Abdelhamid,5624,a,Reims,Nantes,Valon Berisha,2021-03-03 20:00:00,16032,2020,"(0.9390000152587891, 0.5)"
409636,RightFoot,OpenPlay,SavedShot,0.016555454581975937,22,1,1,Mathieu Cafaro,3786,h,Reims,Lyon,Boulaye Dia,2021-03-12 20:00:00,16043,2020,"(0.7819999694824219, 0.7669999694824219)"
409648,LeftFoot,OpenPlay,MissedShots,0.14103186130523682,57,1,1,Nathanael Mbuku,7719,h,Reims,Lyon,,2021-03-12 20:00:00,16043,2020,"(0.9230000305175782, 0.5879999923706055)"
409635,RightFoot,OpenPlay,SavedShot,0.07290945947170258,20,1,1,Boulaye Dia,7224,h,Reims,Lyon,Valon Berisha,2021-03-12 20:00:00,16043,2020,"(0.855, 0.6309999847412109)"
409640,RightFoot,OpenPlay,Goal,0.10383497178554535,32,1,1,Mathieu Cafaro,3786,h,Reims,Lyon,Thomas Foket,2021-03-12 20:00:00,16043,2020,"(0.9019999694824219, 0.52)"
409634,RightFoot,OpenPlay,SavedShot,0.02512391470372677,14,1,1,Valon Berisha,7178,h,Reims,Lyon,Mathieu Cafaro,2021-03-12 20:00:00,16043,2020,"(0.7780000305175782, 0.6569999694824219)"
409652,LeftFoot,OpenPlay,MissedShots,0.06191301718354225,71,1,1,El Bilal Touré,8294,h,Reims,Lyon,Marshall Munetsi,2021-03-12 20:00:00,16043,2020,"(0.815, 0.355)"
409646,RightFoot,OpenPlay,MissedShots,0.02223147451877594,52,1,1,Mathieu Cafaro,3786,h,Reims,Lyon,Ghislain Konan,2021-03-12 20:00:00,16043,2020,"(0.7619999694824219, 0.705)"
409650,LeftFoot,OpenPlay,BlockedShot,0.03640427067875862,69,1,1,Nathanael Mbuku,7719,h,Reims,Lyon,Boulaye Dia,2021-03-12 20:00:00,16043,2020,"(0.769000015258789, 0.4329999923706055)"
409637,LeftFoot,OpenPlay,BlockedShot,0.045376379042863846,25,1,1,Yunis Abdelhamid,5624,h,Reims,Lyon,Boulaye Dia,2021-03-12 20:00:00,16043,2020,"(0.9230000305175782, 0.72)"
409641,RightFoot,OpenPlay,BlockedShot,0.049742624163627625,34,1,1,Valon Berisha,7178,h,Reims,Lyon,,2021-03-12 20:00:00,16043,2020,"(0.7809999847412109, 0.5420000076293945)"
409647,LeftFoot,OpenPlay,SavedShot,0.09417013078927994,57,1,1,Marshall Munetsi,7908,h,Reims,Lyon,Mathieu Cafaro,2021-03-12 20:00:00,16043,2020,"(0.9459999847412109, 0.6840000152587891)"
409643,RightFoot,OpenPlay,MissedShots,0.02471763640642166,45,1,1,Valon Berisha,7178,h,Reims,Lyon,Mathieu Cafaro,2021-03-12 20:00:00,16043,2020,"(0.774000015258789, 0.3089999961853027)"
409651,RightFoot,OpenPlay,MissedShots,0.0332743301987648,69,1,1,Thomas Foket,7151,h,Reims,Lyon,Marshall Munetsi,2021-03-12 20:00:00,16043,2020,"(0.8209999847412109, 0.27899999618530275)"
409639,Head,SetPiece,MissedShots,0.007058313116431236,28,1,1,Wout Faes,8646,h,Reims,Lyon,Mathieu Cafaro,2021-03-12 20:00:00,16043,2020,"(0.8569999694824219, 0.7380000305175781)"
411724,Head,OpenPlay,MissedShots,0.05877624824643135,47,1,0,Marshall Munetsi,7908,a,Reims,Dijon,Xavier Chavalerin,2021-03-21 14:00:00,16051,2020,"(0.88, 0.5370000076293945)"
411729,RightFoot,OpenPlay,BlockedShot,0.03278167545795441,57,1,0,Moreto Cassamã,7570,a,Reims,Dijon,Marshall Munetsi,2021-03-21 14:00:00,16051,2020,"(0.759000015258789, 0.590999984741211)"
411723,LeftFoot,OpenPlay,BlockedShot,0.018928656354546547,45,1,0,Nathanael Mbuku,7719,a,Reims,Dijon,Mathieu Cafaro,2021-03-21 14:00:00,16051,2020,"(0.735, 0.5820000076293945)"
411725,LeftFoot,OpenPlay,SavedShot,0.013599300757050514,49,1,0,Ghislain Konan,6882,a,Reims,Dijon,,2021-03-21 14:00:00,16051,2020,"(0.7280000305175781, 0.66)"
411735,RightFoot,DirectFreekick,MissedShots,0.05910661444067955,88,1,0,Mathieu Cafaro,3786,a,Reims,Dijon,,2021-03-21 14:00:00,16051,2020,"(0.740999984741211, 0.5570000076293945)"
411722,RightFoot,OpenPlay,MissedShots,0.05484546720981598,41,1,0,Marshall Munetsi,7908,a,Reims,Dijon,Nathanael Mbuku,2021-03-21 14:00:00,16051,2020,"(0.850999984741211, 0.5690000152587891)"
411717,RightFoot,OpenPlay,MissedShots,0.029488906264305115,2,1,0,Marshall Munetsi,7908,a,Reims,Dijon,Wout Faes,2021-03-21 14:00:00,16051,2020,"(0.875, 0.24600000381469728)"
411727,RightFoot,OpenPlay,BlockedShot,0.1238531544804573,51,1,0,Mathieu Cafaro,3786,a,Reims,Dijon,Thomas Foket,2021-03-21 14:00:00,16051,2020,"(0.8319999694824218, 0.28299999237060547)"
411726,LeftFoot,OpenPlay,Goal,0.9510605335235596,49,1,0,Boulaye Dia,7224,a,Reims,Dijon,,2021-03-21 14:00:00,16051,2020,"(0.950999984741211, 0.524000015258789)"
413063,RightFoot,OpenPlay,Goal,0.62614905834198,59,2,2,Boulaye Dia,7224,h,Reims,Rennes,,2021-04-04 13:00:00,16057,2020,"(0.9530000305175781, 0.46099998474121096)"
413061,RightFoot,OpenPlay,MissedShots,0.05660481005907059,56,2,2,Boulaye Dia,7224,h,Reims,Rennes,,2021-04-04 13:00:00,16057,2020,"(0.9119999694824219, 0.31799999237060544)"
413046,RightFoot,DirectFreekick,MissedShots,0.03204923868179321,1,2,2,Mathieu Cafaro,3786,h,Reims,Rennes,,2021-04-04 13:00:00,16057,2020,"(0.730999984741211, 0.23600000381469727)"
413048,LeftFoot,OpenPlay,MissedShots,0.14643387496471405,12,2,2,Nathanael Mbuku,7719,h,Reims,Rennes,,2021-04-04 13:00:00,16057,2020,"(0.7240000152587891, 0.19799999237060548)"
413057,RightFoot,OpenPlay,SavedShot,0.018854234367609024,52,2,2,Thomas Foket,7151,h,Reims,Rennes,Moreto Cassamã,2021-04-04 13:00:00,16057,2020,"(0.789000015258789, 0.2520000076293945)"
413056,RightFoot,OpenPlay,MissedShots,0.043401338160037994,43,2,2,Mathieu Cafaro,3786,h,Reims,Rennes,Moussa Doumbia,2021-04-04 13:00:00,16057,2020,"(0.8240000152587891, 0.5159999847412109)"
413059,RightFoot,OpenPlay,MissedShots,0.06911587715148926,55,2,2,Moreto Cassamã,7570,h,Reims,Rennes,Boulaye Dia,2021-04-04 13:00:00,16057,2020,"(0.9030000305175782, 0.34900001525878904)"
413062,LeftFoot,OpenPlay,SavedShot,0.0670507624745369,59,2,2,Nathanael Mbuku,7719,h,Reims,Rennes,Moussa Doumbia,2021-04-04 13:00:00,16057,2020,"(0.8569999694824219, 0.634000015258789)"
413069,LeftFoot,OpenPlay,Goal,0.016330022364854813,80,2,2,Ghislain Konan,6882,h,Reims,Rennes,,2021-04-04 13:00:00,16057,2020,"(0.7609999847412109, 0.6940000152587891)"
414314,Head,FromCorner,MissedShots,0.021664774045348167,12,0,0,Boulaye Dia,7224,a,Reims,Nice,Mathieu Cafaro,2021-04-11 13:00:00,16072,2020,"(0.9530000305175781, 0.6309999847412109)"
414322,OtherBodyPart,OpenPlay,MissedShots,0.15509231388568878,46,0,0,Nathanael Mbuku,7719,a,Reims,Nice,Mathieu Cafaro,2021-04-11 13:00:00,16072,2020,"(0.9130000305175782, 0.44799999237060545)"
414320,RightFoot,OpenPlay,MissedShots,0.014972150325775146,42,0,0,Mathieu Cafaro,3786,a,Reims,Nice,Moussa Doumbia,2021-04-11 13:00:00,16072,2020,"(0.7519999694824219, 0.6959999847412109)"
414331,Head,OpenPlay,MissedShots,0.02683681808412075,72,0,0,Nathanael Mbuku,7719,a,Reims,Nice,Ghislain Konan,2021-04-11 13:00:00,16072,2020,"(0.88, 0.5179999923706055)"
414323,LeftFoot,OpenPlay,MissedShots,0.017465900629758835,48,0,0,Nathanael Mbuku,7719,a,Reims,Nice,Xavier Chavalerin,2021-04-11 13:00:00,16072,2020,"(0.7430000305175781, 0.644000015258789)"
414321,RightFoot,OpenPlay,BlockedShot,0.0915156677365303,46,0,0,Marshall Munetsi,7908,a,Reims,Nice,Mathieu Cafaro,2021-04-11 13:00:00,16072,2020,"(0.9059999847412109, 0.41700000762939454)"
414317,RightFoot,OpenPlay,MissedShots,0.013952258974313736,24,0,0,Mathieu Cafaro,3786,a,Reims,Nice,Boulaye Dia,2021-04-11 13:00:00,16072,2020,"(0.6880000305175781, 0.4)"
414318,RightFoot,OpenPlay,SavedShot,0.029433876276016235,32,0,0,Mathieu Cafaro,3786,a,Reims,Nice,Thomas Foket,2021-04-11 13:00:00,16072,2020,"(0.835, 0.28399999618530275)"
414313,RightFoot,OpenPlay,BlockedShot,0.046471644192934036,8,0,0,Marshall Munetsi,7908,a,Reims,Nice,Moussa Doumbia,2021-04-11 13:00:00,16072,2020,"(0.8040000152587891, 0.49)"
414326,RightFoot,OpenPlay,MissedShots,0.03410846367478371,52,0,0,Moussa Doumbia,2782,a,Reims,Nice,,2021-04-11 13:00:00,16072,2020,"(0.87, 0.7269999694824218)"
415740,LeftFoot,OpenPlay,MissedShots,0.08630324900150299,15,0,0,Nathanael Mbuku,7719,h,Reims,Metz,Boulaye Dia,2021-04-18 13:00:00,16076,2020,"(0.8390000152587891, 0.4520000076293945)"
415739,LeftFoot,OpenPlay,MissedShots,0.05516323819756508,6,0,0,Xavier Chavalerin,6883,h,Reims,Metz,,2021-04-18 13:00:00,16076,2020,"(0.7880000305175782, 0.425)"
415741,Head,FromCorner,BlockedShot,0.01292441412806511,15,0,0,El Bilal Touré,8294,h,Reims,Metz,Moussa Doumbia,2021-04-18 13:00:00,16076,2020,"(0.955999984741211, 0.625)"
415742,LeftFoot,FromCorner,MissedShots,0.01771344244480133,16,0,0,Xavier Chavalerin,6883,h,Reims,Metz,,2021-04-18 13:00:00,16076,2020,"(0.764000015258789, 0.610999984741211)"
415758,LeftFoot,OpenPlay,MissedShots,0.10489713400602341,56,0,0,Boulaye Dia,7224,h,Reims,Metz,,2021-04-18 13:00:00,16076,2020,"(0.8830000305175781, 0.6830000305175781)"
415761,RightFoot,OpenPlay,MissedShots,0.011424785479903221,76,0,0,Mathieu Cafaro,3786,h,Reims,Metz,,2021-04-18 13:00:00,16076,2020,"(0.74, 0.49599998474121093)"
415745,LeftFoot,OpenPlay,MissedShots,0.02260487526655197,28,0,0,Moussa Doumbia,2782,h,Reims,Metz,,2021-04-18 13:00:00,16076,2020,"(0.7809999847412109, 0.64)"
415747,Head,FromCorner,SavedShot,0.0544438362121582,28,0,0,El Bilal Touré,8294,h,Reims,Metz,Nathanael Mbuku,2021-04-18 13:00:00,16076,2020,"(0.9590000152587891, 0.42700000762939455)"
415746,LeftFoot,OpenPlay,SavedShot,0.12718139588832855,28,0,0,El Bilal Touré,8294,h,Reims,Metz,Moussa Doumbia,2021-04-18 13:00:00,16076,2020,"(0.9009999847412109, 0.5020000076293946)"
415754,RightFoot,OpenPlay,SavedShot,0.018279535695910454,46,0,0,Moussa Doumbia,2782,h,Reims,Metz,,2021-04-18 13:00:00,16076,2020,"(0.7340000152587891, 0.495)"
415755,RightFoot,OpenPlay,SavedShot,0.1059146448969841,50,0,0,Nathanael Mbuku,7719,h,Reims,Metz,Boulaye Dia,2021-04-18 13:00:00,16076,2020,"(0.9059999847412109, 0.38799999237060545)"
415757,RightFoot,OpenPlay,SavedShot,0.03352347016334534,54,0,0,Boulaye Dia,7224,h,Reims,Metz,Nathanael Mbuku,2021-04-18 13:00:00,16076,2020,"(0.8880000305175781, 0.25799999237060545)"
415744,RightFoot,OpenPlay,SavedShot,0.01845385693013668,20,0,0,Moussa Doumbia,2782,h,Reims,Metz,Marshall Munetsi,2021-04-18 13:00:00,16076,2020,"(0.735, 0.39)"
415764,Head,SetPiece,MissedShots,0.042058832943439484,92,0,0,Kaj Sierhuis,8312,h,Reims,Metz,,2021-04-18 13:00:00,16076,2020,"(0.9, 0.5020000076293946)"
415748,RightFoot,SetPiece,BlockedShot,0.023914916440844536,31,0,0,Dion Lopy,9450,h,Reims,Metz,El Bilal Touré,2021-04-18 13:00:00,16076,2020,"(0.805, 0.3340000152587891)"
416974,LeftFoot,OpenPlay,BlockedShot,0.009626171551644802,88,1,3,Mouhamadou Drammeh,8996,h,Reims,Marseille,Dereck Kutesa,2021-04-23 19:00:00,16090,2020,"(0.745, 0.3240000152587891)"
416975,LeftFoot,OpenPlay,BlockedShot,0.025524979457259178,88,1,3,Dereck Kutesa,8004,h,Reims,Marseille,Mouhamadou Drammeh,2021-04-23 19:00:00,16090,2020,"(0.8069999694824219, 0.31)"
416962,Head,FromCorner,Goal,0.2714712619781494,37,1,3,Nathanael Mbuku,7719,h,Reims,Marseille,Moreto Cassamã,2021-04-23 19:00:00,16090,2020,"(0.9059999847412109, 0.5029999923706054)"
416967,RightFoot,OpenPlay,BlockedShot,0.20724086463451385,65,1,3,Boulaye Dia,7224,h,Reims,Marseille,Fodé Doucouré,2021-04-23 19:00:00,16090,2020,"(0.9, 0.32799999237060545)"
416956,Head,FromCorner,MissedShots,0.02456042729318142,14,1,3,Yunis Abdelhamid,5624,h,Reims,Marseille,Moreto Cassamã,2021-04-23 19:00:00,16090,2020,"(0.9230000305175782, 0.42700000762939455)"
416957,LeftFoot,FromCorner,BlockedShot,0.04390311613678932,14,1,3,Yunis Abdelhamid,5624,h,Reims,Marseille,El Bilal Touré,2021-04-23 19:00:00,16090,2020,"(0.850999984741211, 0.37400001525878906)"
416976,LeftFoot,OpenPlay,BlockedShot,0.04402272403240204,92,1,3,Dereck Kutesa,8004,h,Reims,Marseille,Kaj Sierhuis,2021-04-23 19:00:00,16090,2020,"(0.8780000305175781, 0.29700000762939455)"
416968,RightFoot,OpenPlay,MissedShots,0.046014681458473206,66,1,3,Dion Lopy,9450,h,Reims,Marseille,Xavier Chavalerin,2021-04-23 19:00:00,16090,2020,"(0.81, 0.515)"
416958,RightFoot,OpenPlay,MissedShots,0.014510617591440678,17,1,3,Thomas Foket,7151,h,Reims,Marseille,Nathanael Mbuku,2021-04-23 19:00:00,16090,2020,"(0.8440000152587891, 0.8319999694824218)"
416961,RightFoot,OpenPlay,BlockedShot,0.017743201926350594,35,1,3,Boulaye Dia,7224,h,Reims,Marseille,Yunis Abdelhamid,2021-04-23 19:00:00,16090,2020,"(0.7180000305175781, 0.47400001525878904)"
419001,RightFoot,OpenPlay,MissedShots,0.006561377085745335,82,2,2,Alexis Flips,9298,a,Reims,Nimes,Dion Lopy,2021-05-02 13:00:00,16103,2020,"(0.6430000305175781, 0.04)"
418989,RightFoot,OpenPlay,MissedShots,0.03295392543077469,49,2,2,Dion Lopy,9450,a,Reims,Nimes,Thomas Foket,2021-05-02 13:00:00,16103,2020,"(0.840999984741211, 0.29200000762939454)"
418992,RightFoot,OpenPlay,SavedShot,0.012125874869525433,64,2,2,Dereck Kutesa,8004,a,Reims,Nimes,,2021-05-02 13:00:00,16103,2020,"(0.69, 0.48700000762939455)"
418994,RightFoot,OpenPlay,SavedShot,0.023762930184602737,65,2,2,Dereck Kutesa,8004,a,Reims,Nimes,Xavier Chavalerin,2021-05-02 13:00:00,16103,2020,"(0.7880000305175782, 0.6990000152587891)"
419004,LeftFoot,OpenPlay,SavedShot,0.03611674904823303,90,2,2,Xavier Chavalerin,6883,a,Reims,Nimes,Dion Lopy,2021-05-02 13:00:00,16103,2020,"(0.88, 0.7290000152587891)"
418993,LeftFoot,OpenPlay,SavedShot,0.056583669036626816,64,2,2,Nathanael Mbuku,7719,a,Reims,Nimes,,2021-05-02 13:00:00,16103,2020,"(0.8569999694824219, 0.6079999923706054)"
418979,RightFoot,OpenPlay,SavedShot,0.29225829243659973,14,2,2,Boulaye Dia,7224,a,Reims,Nimes,Xavier Chavalerin,2021-05-02 13:00:00,16103,2020,"(0.8519999694824218, 0.5070000076293946)"
418991,RightFoot,OpenPlay,BlockedShot,0.05013440549373627,54,2,2,Arbër Zeneli,7397,a,Reims,Nimes,Thibault De Smet,2021-05-02 13:00:00,16103,2020,"(0.8059999847412109, 0.6619999694824219)"
418982,LeftFoot,OpenPlay,Goal,0.02438710257411003,29,2,2,Nathanael Mbuku,7719,a,Reims,Nimes,Xavier Chavalerin,2021-05-02 13:00:00,16103,2020,"(0.7619999694824219, 0.36400001525878906)"
418981,Head,SetPiece,MissedShots,0.03558294102549553,25,2,2,Yunis Abdelhamid,5624,a,Reims,Nimes,Moreto Cassamã,2021-05-02 13:00:00,16103,2020,"(0.9019999694824219, 0.6170000076293946)"
419003,RightFoot,DirectFreekick,BlockedShot,0.05575040727853775,85,2,2,Kaj Sierhuis,8312,a,Reims,Nimes,,2021-05-02 13:00:00,16103,2020,"(0.7480000305175781, 0.625999984741211)"
419000,RightFoot,OpenPlay,Goal,0.025939051061868668,79,2,2,Alexis Flips,9298,a,Reims,Nimes,Thomas Foket,2021-05-02 13:00:00,16103,2020,"(0.88, 0.2510000038146973)"
420729,RightFoot,OpenPlay,BlockedShot,0.05705185607075691,34,0,1,Boulaye Dia,7224,h,Reims,Monaco,Nathanael Mbuku,2021-05-09 15:05:00,16112,2020,"(0.8480000305175781, 0.3659999847412109)"
420731,LeftFoot,SetPiece,BlockedShot,0.07202618569135666,49,0,1,Xavier Chavalerin,6883,h,Reims,Monaco,Yunis Abdelhamid,2021-05-09 15:05:00,16112,2020,"(0.8640000152587891, 0.5309999847412109)"
420732,RightFoot,FromCorner,MissedShots,0.020481420680880547,54,0,1,Moreto Cassamã,7570,h,Reims,Monaco,Xavier Chavalerin,2021-05-09 15:05:00,16112,2020,"(0.7580000305175781, 0.5879999923706055)"
420730,LeftFoot,OpenPlay,BlockedShot,0.020671939477324486,34,0,1,Nathanael Mbuku,7719,h,Reims,Monaco,Thomas Foket,2021-05-09 15:05:00,16112,2020,"(0.779000015258789, 0.31)"
420733,Head,OpenPlay,MissedShots,0.11299704760313034,56,0,1,Wout Faes,8646,h,Reims,Monaco,Ghislain Konan,2021-05-09 15:05:00,16112,2020,"(0.970999984741211, 0.42700000762939455)"
420728,LeftFoot,FromCorner,MissedShots,0.029187027364969254,28,0,1,Xavier Chavalerin,6883,h,Reims,Monaco,Moreto Cassamã,2021-05-09 15:05:00,16112,2020,"(0.8480000305175781, 0.720999984741211)"
420727,RightFoot,OpenPlay,SavedShot,0.0972229391336441,27,0,1,Boulaye Dia,7224,h,Reims,Monaco,Nathanael Mbuku,2021-05-09 15:05:00,16112,2020,"(0.9519999694824218, 0.3270000076293945)"
420734,RightFoot,OpenPlay,SavedShot,0.022726325318217278,57,0,1,Mathieu Cafaro,3786,h,Reims,Monaco,Wout Faes,2021-05-09 15:05:00,16112,2020,"(0.8180000305175781, 0.28600000381469726)"
423046,LeftFoot,SetPiece,BlockedShot,0.008650791831314564,56,0,4,Xavier Chavalerin,6883,a,Reims,Paris Saint Germain,,2021-05-16 19:00:00,16125,2020,"(0.7080000305175781, 0.6680000305175782)"
423036,RightFoot,OpenPlay,MissedShots,0.043003253638744354,27,0,4,Boulaye Dia,7224,a,Reims,Paris Saint Germain,Nathanael Mbuku,2021-05-16 19:00:00,16125,2020,"(0.970999984741211, 0.3039999961853027)"
424528,LeftFoot,OpenPlay,MissedShots,0.06684844195842743,64,1,2,Boulaye Dia,7224,h,Reims,Bordeaux,,2021-05-23 19:00:00,16132,2020,"(0.8519999694824218, 0.49)"
424526,RightFoot,OpenPlay,MissedShots,0.02013426460325718,56,1,2,Boulaye Dia,7224,h,Reims,Bordeaux,Nathanael Mbuku,2021-05-23 19:00:00,16132,2020,"(0.7569999694824219, 0.6469999694824219)"
424529,RightFoot,OpenPlay,SavedShot,0.07123078405857086,66,1,2,Dereck Kutesa,8004,h,Reims,Bordeaux,Nathanael Mbuku,2021-05-23 19:00:00,16132,2020,"(0.919000015258789, 0.34099998474121096)"
424525,RightFoot,FromCorner,BlockedShot,0.4943031072616577,54,1,2,Wout Faes,8646,h,Reims,Bordeaux,Xavier Chavalerin,2021-05-23 19:00:00,16132,2020,"(0.9569999694824218, 0.485)"
424531,Head,FromCorner,MissedShots,0.06811900436878204,73,1,2,Wout Faes,8646,h,Reims,Bordeaux,Arbër Zeneli,2021-05-23 19:00:00,16132,2020,"(0.9230000305175782, 0.575)"
424519,LeftFoot,OpenPlay,SavedShot,0.08506742119789124,37,1,2,Nathanael Mbuku,7719,h,Reims,Bordeaux,Boulaye Dia,2021-05-23 19:00:00,16132,2020,"(0.8690000152587891, 0.36900001525878906)"
424514,Head,OpenPlay,Goal,0.03589759021997452,14,1,2,El Bilal Touré,8294,h,Reims,Bordeaux,Thomas Foket,2021-05-23 19:00:00,16132,2020,"(0.8930000305175781, 0.514000015258789)"
424512,Head,OpenPlay,BlockedShot,0.06651320308446884,9,1,2,El Bilal Touré,8294,h,Reims,Bordeaux,Ghislain Konan,2021-05-23 19:00:00,16132,2020,"(0.885, 0.5109999847412109)"
424520,LeftFoot,OpenPlay,MissedShots,0.3014628291130066,37,1,2,El Bilal Touré,8294,h,Reims,Bordeaux,,2021-05-23 19:00:00,16132,2020,"(0.9309999847412109, 0.6619999694824219)"
424532,RightFoot,OpenPlay,BlockedShot,0.014258439652621746,78,1,2,Boulaye Dia,7224,h,Reims,Bordeaux,Kaj Sierhuis,2021-05-23 19:00:00,16132,2020,"(0.7180000305175781, 0.37)"
